{"max_jet": [649.99951171875, 1.9999995231628418, 366.6409606933594, 100.0], "min_jet": [509.34112548828125, -1.9999886751174927, 46.66908264160156, 13.0], "mean_jet": [595.9715576171875, -0.0020648613572120667, 175.92059326171875, 54.7252082824707], "std_jet": [28.739028930664062, 0.8796213865280151, 24.770822525024414, 13.670097351074219], "max_particle": [1.1959770917892456, 1.1420376300811768, 0.0], "min_particle": [-1.2783023118972778, -1.1497660875320435, -1.985244870185852], "mean_particle": [0.00010926760296570137, 4.273991726222448e-05, -0.01761498674750328], "std_particle": [0.2685272693634033, 0.27456995844841003, 0.041903749108314514]}