{"max_jet": [649.9998168945312, 1.9999847412109375, 352.8232727050781, 100.0], "min_jet": [521.3355712890625, -1.999933123588562, 0.15571121871471405, 1.0], "mean_jet": [594.9839477539062, 0.0008824500837363303, 95.4305648803711, 43.291831970214844], "std_jet": [28.71480369567871, 0.9824233651161194, 49.990028381347656, 18.479015350341797], "max_particle": [1.1618576049804688, 1.1208066940307617, 0.0], "min_particle": [-1.2189457416534424, -1.1768560409545898, -8.348190307617188], "mean_particle": [0.00013008073437958956, -1.728054485283792e-05, -0.023976130411028862], "std_particle": [0.2537750005722046, 0.2547992467880249, 0.0782715454697609]}