{"loss": [0.22843629121780396, 0.19844892621040344, 0.19374413788318634, 0.19138836860656738, 0.18960924446582794, 0.18837814033031464, 0.18736383318901062, 0.1864268183708191, 0.1857277899980545, 0.18502755463123322, 0.18430383503437042, 0.18388992547988892, 0.18330219388008118, 0.18277773261070251, 0.18217840790748596, 0.18174533545970917, 0.18138496577739716, 0.1809922307729721, 0.18075793981552124, 0.1804896593093872, 0.1801147162914276, 0.1797822266817093, 0.1793666034936905, 0.1789964884519577, 0.17875605821609497, 0.17857271432876587, 0.1784842610359192, 0.17792779207229614, 0.17772656679153442, 0.17775870859622955, 0.17746366560459137, 0.17702674865722656, 0.1770685762166977, 0.1768054962158203, 0.17646415531635284, 0.17635110020637512, 0.1761675775051117, 0.1760726273059845, 0.17595715820789337, 0.1757412850856781, 0.17561571300029755, 0.1755276918411255, 0.17542490363121033, 0.1753082573413849, 0.17496591806411743, 0.1750430315732956, 0.17505496740341187, 0.1749422699213028, 0.17489588260650635, 0.17469698190689087, 0.1746370941400528, 0.17444312572479248, 0.17446795105934143, 0.17443373799324036, 0.17423683404922485, 0.1741744428873062, 0.17442147433757782, 0.17427299916744232, 0.17401227355003357, 0.1741866171360016, 0.17418909072875977, 0.1739286631345749, 0.1738886684179306], "accuracy": [0.9073958396911621, 0.9193833470344543, 0.921092689037323, 0.9223020672798157, 0.9228354096412659, 0.9232208132743835, 0.923771858215332, 0.9240906238555908, 0.9244447946548462, 0.9249864816665649, 0.9252052307128906, 0.9253020882606506, 0.925530195236206, 0.9257051944732666, 0.9258343577384949, 0.9261875152587891, 0.9263646006584167, 0.9264739751815796, 0.9264416694641113, 0.9266218543052673, 0.926507294178009, 0.9269552230834961, 0.9273229241371155, 0.9272375106811523, 0.9274479150772095, 0.9273197650909424, 0.9274968504905701, 0.9276260137557983, 0.9278260469436646, 0.9276301860809326, 0.9279801845550537, 0.9278093576431274, 0.9281166791915894, 0.9281530976295471, 0.9282479286193848, 0.9283708333969116, 0.9283208250999451, 0.9285083413124084, 0.9284458160400391, 0.9283896088600159, 0.9285823106765747, 0.9284124970436096, 0.9285427331924438, 0.9286343455314636, 0.9286208152770996, 0.9289000034332275, 0.9286937713623047, 0.9289541840553284, 0.9287177324295044, 0.9289833307266235, 0.9289416670799255, 0.9288854002952576, 0.9290177226066589, 0.9291979074478149, 0.9289926886558533, 0.929086446762085, 0.9289551973342896, 0.9290739297866821, 0.9292718768119812, 0.9289958477020264, 0.9290500283241272, 0.9292926788330078, 0.9293833374977112], "val_loss": [0.20001330971717834, 0.19757872819900513, 0.1893540918827057, 0.1903810054063797, 0.18878546357154846, 0.18795868754386902, 0.1905977576971054, 0.18901655077934265, 0.19163841009140015, 0.18783651292324066, 0.18369810283184052, 0.1857578158378601, 0.18782000243663788, 0.18439723551273346, 0.1820995956659317, 0.183796226978302, 0.18506930768489838, 0.18673071265220642, 0.1836991161108017, 0.18141251802444458, 0.18188616633415222, 0.18303458392620087, 0.18378962576389313, 0.1846492737531662, 0.18114162981510162, 0.18164537847042084, 0.18369001150131226, 0.1832355409860611, 0.18131008744239807, 0.18034113943576813, 0.18245312571525574, 0.18189328908920288, 0.18043877184391022, 0.18212170898914337, 0.18319766223430634, 0.18004083633422852, 0.18148690462112427, 0.18040582537651062, 0.18022149801254272, 0.17994563281536102, 0.179783895611763, 0.17983750998973846, 0.17992384731769562, 0.1799524873495102, 0.17970691621303558, 0.18023058772087097, 0.18186387419700623, 0.18075279891490936, 0.1807738095521927, 0.18145430088043213, 0.18110601603984833, 0.1864921748638153, 0.178926020860672, 0.18102388083934784, 0.1798335611820221, 0.18002894520759583, 0.18062978982925415, 0.18128183484077454, 0.1890931874513626, 0.17989636957645416, 0.18224483728408813, 0.18112874031066895, 0.17954792082309723], "val_accuracy": [0.9163541793823242, 0.9190624952316284, 0.9232541918754578, 0.922587513923645, 0.922504186630249, 0.9233750104904175, 0.9219624996185303, 0.9231333136558533, 0.921037495136261, 0.9229916930198669, 0.92576664686203, 0.9241999983787537, 0.9249541759490967, 0.9249374866485596, 0.9257291555404663, 0.9246125221252441, 0.9243916869163513, 0.9242791533470154, 0.925849974155426, 0.9261999726295471, 0.9261000156402588, 0.9258541464805603, 0.9257041811943054, 0.925308346748352, 0.9265041947364807, 0.9258999824523926, 0.9254708290100098, 0.924970805644989, 0.926645815372467, 0.9267541766166687, 0.9260749816894531, 0.9261083602905273, 0.9267500042915344, 0.9267249703407288, 0.9259874820709229, 0.927258312702179, 0.9267791509628296, 0.9266416430473328, 0.9269791841506958, 0.9265375137329102, 0.9266499876976013, 0.9271958470344543, 0.926770806312561, 0.9273666739463806, 0.9267541766166687, 0.9269750118255615, 0.9261041879653931, 0.926295816898346, 0.9263291954994202, 0.9271541833877563, 0.9267125129699707, 0.923591673374176, 0.9271458387374878, 0.9270583391189575, 0.9269166588783264, 0.9266374707221985, 0.9269916415214539, 0.9270625114440918, 0.9230250120162964, 0.9266916513442993, 0.9264166951179504, 0.9264333248138428, 0.9268125295639038]}