{"loss": [0.24004346132278442, 0.20598141849040985, 0.19728560745716095, 0.19274500012397766, 0.18969236314296722, 0.18737876415252686, 0.18578271567821503, 0.1845092922449112, 0.1832364797592163, 0.18252862989902496, 0.18154919147491455, 0.18093456327915192, 0.1801440566778183, 0.17949767410755157, 0.17902812361717224, 0.17848624289035797, 0.17800696194171906, 0.177561953663826, 0.1771625131368637, 0.1767018735408783, 0.17632000148296356, 0.17580491304397583, 0.1757200062274933, 0.17522139847278595, 0.1747518628835678, 0.17452596127986908, 0.17438223958015442, 0.17393150925636292, 0.17369607090950012, 0.17352253198623657, 0.17322543263435364], "accuracy": [0.9025333523750305, 0.9161656498908997, 0.9201124906539917, 0.9218906164169312, 0.9233156442642212, 0.9243749976158142, 0.9251062273979187, 0.925430178642273, 0.9263562560081482, 0.9265562295913696, 0.9268926978111267, 0.9272437691688538, 0.9272593855857849, 0.9275906085968018, 0.9278260469436646, 0.928095817565918, 0.9282281398773193, 0.9284802079200745, 0.9286031126976013, 0.9288572669029236, 0.9288437366485596, 0.9291375279426575, 0.9291291832923889, 0.9293875098228455, 0.9293937683105469, 0.9296844005584717, 0.9298739433288574, 0.9299010634422302, 0.9300989508628845, 0.9299583435058594, 0.9302062392234802], "val_loss": [0.2126513123512268, 0.2008206695318222, 0.19740113615989685, 0.18857522308826447, 0.18680785596370697, 0.19030316174030304, 0.1869022697210312, 0.18214526772499084, 0.18165646493434906, 0.1842336803674698, 0.18199579417705536, 0.1818067580461502, 0.18077808618545532, 0.17768444120883942, 0.18092378973960876, 0.17827564477920532, 0.1771656572818756, 0.17622651159763336, 0.1759752780199051, 0.1776427924633026, 0.1753937005996704, 0.17812873423099518, 0.1778462827205658, 0.17614451050758362, 0.17962822318077087, 0.17584845423698425, 0.17722417414188385, 0.17688214778900146, 0.1779988408088684, 0.17540009319782257, 0.17610451579093933], "val_accuracy": [0.9119750261306763, 0.918987512588501, 0.9195583462715149, 0.9236083626747131, 0.9240666627883911, 0.9233541488647461, 0.9243208169937134, 0.9264083504676819, 0.9262791872024536, 0.9251791834831238, 0.926254153251648, 0.9262291789054871, 0.926966667175293, 0.9282125234603882, 0.9265999794006348, 0.9278916716575623, 0.9281833171844482, 0.9290875196456909, 0.928725004196167, 0.928849995136261, 0.9294124841690063, 0.9280416369438171, 0.9285041689872742, 0.9292708039283752, 0.9273124933242798, 0.9291791915893555, 0.9281958341598511, 0.928725004196167, 0.928012490272522, 0.9296541810035706, 0.9286749958992004]}