{"loss": [0.24380114674568176, 0.2144770473241806, 0.20398478209972382, 0.1998564600944519, 0.19691789150238037, 0.19492647051811218, 0.19360557198524475, 0.19225847721099854, 0.1910649836063385, 0.1899472028017044, 0.189161479473114, 0.1883712261915207, 0.1876051127910614, 0.18688678741455078, 0.18630564212799072, 0.1859535574913025, 0.18521952629089355, 0.18494252860546112, 0.18449661135673523, 0.18403752148151398, 0.18369005620479584, 0.18355382978916168, 0.18300209939479828, 0.18276000022888184, 0.18245887756347656, 0.1820940524339676, 0.18185147643089294, 0.18156224489212036, 0.181394562125206, 0.18101634085178375, 0.18087129294872284, 0.18082121014595032, 0.18040385842323303, 0.18015627562999725, 0.17986160516738892, 0.1797405332326889, 0.17979438602924347, 0.17944836616516113, 0.17940665781497955], "accuracy": [0.9012354016304016, 0.9117708206176758, 0.9168906211853027, 0.9187853932380676, 0.9203156232833862, 0.9210166931152344, 0.921485424041748, 0.9220895767211914, 0.9226718544960022, 0.9231208562850952, 0.9234499931335449, 0.9239572882652283, 0.9243083596229553, 0.9242677092552185, 0.9247843623161316, 0.9250541925430298, 0.9251489639282227, 0.925489604473114, 0.9254281520843506, 0.9256614446640015, 0.925864577293396, 0.9259166717529297, 0.9260260462760925, 0.9262760281562805, 0.926423966884613, 0.9266031384468079, 0.9265604019165039, 0.9268489480018616, 0.9267604351043701, 0.9269145727157593, 0.9272072911262512, 0.9271041750907898, 0.9274020791053772, 0.9274104237556458, 0.9273958206176758, 0.9276770949363708, 0.9275291562080383, 0.9275521039962769, 0.927691638469696], "val_loss": [0.22854231297969818, 0.2022732049226761, 0.2038055956363678, 0.19627565145492554, 0.19315190613269806, 0.18945789337158203, 0.19365593791007996, 0.19005577266216278, 0.19071435928344727, 0.18991176784038544, 0.18480481207370758, 0.19160793721675873, 0.186631977558136, 0.1856415867805481, 0.18340304493904114, 0.18647831678390503, 0.18435639142990112, 0.18482346832752228, 0.1833929866552353, 0.18505258858203888, 0.18225546181201935, 0.18304447829723358, 0.1815352737903595, 0.1830594390630722, 0.1829187572002411, 0.18004894256591797, 0.18058164417743683, 0.1816188246011734, 0.17920038104057312, 0.18229882419109344, 0.17946043610572815, 0.18353110551834106, 0.18090401589870453, 0.17932669818401337, 0.18185576796531677, 0.18254534900188446, 0.18018341064453125, 0.17956730723381042, 0.1803344190120697], "val_accuracy": [0.9061541557312012, 0.9165083169937134, 0.918233335018158, 0.9204583168029785, 0.921708345413208, 0.9233250021934509, 0.9218458533287048, 0.9229249954223633, 0.9226083159446716, 0.9236666560173035, 0.9254458546638489, 0.9214541912078857, 0.9242458343505859, 0.9250666499137878, 0.9255124926567078, 0.9245916604995728, 0.9259916543960571, 0.9257166385650635, 0.9258541464805603, 0.9249500036239624, 0.9260749816894531, 0.9262666702270508, 0.9264458417892456, 0.9258750081062317, 0.9260791540145874, 0.927133321762085, 0.9270166754722595, 0.9261749982833862, 0.9274125099182129, 0.9261500239372253, 0.9274291396141052, 0.925683319568634, 0.9265000224113464, 0.9276666641235352, 0.9263666868209839, 0.9258041381835938, 0.9277291893959045, 0.9271875023841858, 0.9265249967575073]}