{"loss": [0.23718823492527008, 0.20636580884456635, 0.19792713224887848, 0.1934252381324768, 0.19059477746486664, 0.18835309147834778, 0.18655098974704742, 0.1850961446762085, 0.18409739434719086, 0.18302315473556519, 0.182120218873024, 0.1814296990633011, 0.18065087497234344, 0.17997637391090393, 0.17926058173179626, 0.17883819341659546, 0.1781649887561798, 0.17773495614528656, 0.1771751046180725, 0.17681196331977844, 0.176268070936203, 0.17603595554828644, 0.17543946206569672, 0.1752273142337799, 0.17477254569530487, 0.17467068135738373, 0.1741584837436676, 0.1738251894712448, 0.17364998161792755, 0.1731865406036377, 0.17285582423210144, 0.17270393669605255, 0.17241588234901428, 0.17213357985019684], "accuracy": [0.9035624861717224, 0.9159635305404663, 0.9196510314941406, 0.921735405921936, 0.9228989481925964, 0.9239781498908997, 0.9247083067893982, 0.9253447651863098, 0.9257093667984009, 0.9263250231742859, 0.9266312718391418, 0.9268781542778015, 0.9271406531333923, 0.9275010228157043, 0.9277958273887634, 0.9281187653541565, 0.9284145832061768, 0.9285333156585693, 0.9287604093551636, 0.928947925567627, 0.9290239810943604, 0.9292781352996826, 0.9295114874839783, 0.9295843839645386, 0.9296249747276306, 0.9297031164169312, 0.929909348487854, 0.9299353957176208, 0.9301062226295471, 0.9305478930473328, 0.9304156303405762, 0.9304562211036682, 0.930538535118103, 0.930649995803833], "val_loss": [0.21140816807746887, 0.19971133768558502, 0.1966063678264618, 0.1900075525045395, 0.18919698894023895, 0.19279764592647552, 0.1842728555202484, 0.18336020410060883, 0.18106965720653534, 0.186106875538826, 0.18118923902511597, 0.18052974343299866, 0.18010979890823364, 0.1784815490245819, 0.17970140278339386, 0.18173259496688843, 0.1803286075592041, 0.1778469830751419, 0.17732597887516022, 0.18039757013320923, 0.1794244796037674, 0.17893092334270477, 0.17647506296634674, 0.17539873719215393, 0.17718605697155, 0.1786540001630783, 0.176296204328537, 0.1781100630760193, 0.17688950896263123, 0.17872494459152222, 0.17657390236854553, 0.1757078915834427, 0.1765112429857254, 0.1797543615102768], "val_accuracy": [0.9129250049591064, 0.9182958602905273, 0.9191041588783264, 0.9228625297546387, 0.9231874942779541, 0.9222333431243896, 0.9258666634559631, 0.9255874752998352, 0.9263291954994202, 0.9259124994277954, 0.9268333315849304, 0.9269499778747559, 0.9269166588783264, 0.9277166724205017, 0.9273750185966492, 0.926883339881897, 0.926800012588501, 0.9286166429519653, 0.9286624789237976, 0.9276666641235352, 0.9269999861717224, 0.9279375076293945, 0.9287916421890259, 0.9294458627700806, 0.9284291863441467, 0.9278208613395691, 0.9285749793052673, 0.9276999831199646, 0.9282666444778442, 0.9284166693687439, 0.9287791848182678, 0.9288833141326904, 0.9288833141326904, 0.9284916520118713]}