{"loss": [0.2425592839717865, 0.20525424182415009, 0.1962014138698578, 0.19144843518733978, 0.18852168321609497, 0.186252623796463, 0.18435244262218475, 0.18320252001285553, 0.18195036053657532, 0.18106567859649658, 0.18017874658107758, 0.17936673760414124, 0.1785650998353958, 0.1781284511089325, 0.17752720415592194, 0.1769961267709732, 0.1764077991247177, 0.17590214312076569, 0.17557376623153687, 0.17512091994285583, 0.17473149299621582, 0.17451421916484833, 0.1740283966064453, 0.1736082285642624, 0.173310786485672, 0.1729499250650406, 0.1726224571466446, 0.17234711349010468, 0.17184358835220337, 0.1716485619544983, 0.17151829600334167, 0.17115341126918793, 0.170748770236969, 0.17061640322208405, 0.17032593488693237, 0.1702023446559906, 0.16988590359687805, 0.16981077194213867, 0.16946633160114288, 0.169391468167305, 0.16897374391555786, 0.168797567486763, 0.16862177848815918, 0.16863279044628143], "accuracy": [0.9019979238510132, 0.916450023651123, 0.9205604195594788, 0.9224697947502136, 0.923994779586792, 0.9249469041824341, 0.925712525844574, 0.9263604283332825, 0.9268249869346619, 0.9271187782287598, 0.927484393119812, 0.9275687336921692, 0.9281677007675171, 0.9282885193824768, 0.928627073764801, 0.9287156462669373, 0.9288604259490967, 0.9292551875114441, 0.9293145537376404, 0.9295520782470703, 0.9296531081199646, 0.9298437237739563, 0.9298510551452637, 0.9301031231880188, 0.9301645755767822, 0.930496871471405, 0.9308218955993652, 0.930565595626831, 0.9305979013442993, 0.9308510422706604, 0.9310541749000549, 0.9309999942779541, 0.9312978982925415, 0.9314072728157043, 0.931390643119812, 0.9314989447593689, 0.9318239688873291, 0.9318603873252869, 0.9319427013397217, 0.9318749904632568, 0.9320197701454163, 0.9320916533470154, 0.9320312738418579, 0.932186484336853], "val_loss": [0.21763361990451813, 0.1972254365682602, 0.18838123977184296, 0.1853891760110855, 0.19282346963882446, 0.1838863492012024, 0.18339280784130096, 0.18454627692699432, 0.1803666651248932, 0.1804579496383667, 0.17867211997509003, 0.17797011137008667, 0.1786038726568222, 0.17750869691371918, 0.17681045830249786, 0.17603357136249542, 0.17702272534370422, 0.17557495832443237, 0.17728880047798157, 0.1769455522298813, 0.1746314913034439, 0.17439201474189758, 0.17646123468875885, 0.176336407661438, 0.17432411015033722, 0.1750013679265976, 0.17622150480747223, 0.17443642020225525, 0.1742045134305954, 0.17407914996147156, 0.17316049337387085, 0.17571891844272614, 0.17608198523521423, 0.17278750240802765, 0.17517785727977753, 0.17299023270606995, 0.1735278218984604, 0.17628270387649536, 0.17501667141914368, 0.17441855370998383, 0.1737675815820694, 0.17520035803318024, 0.17420043051242828, 0.17289206385612488], "val_accuracy": [0.9104583263397217, 0.9186999797821045, 0.9236624836921692, 0.9245749711990356, 0.9216291904449463, 0.9262375235557556, 0.925849974155426, 0.9255291819572449, 0.9271166920661926, 0.926687479019165, 0.9276624917984009, 0.9278416633605957, 0.9275791645050049, 0.9283208250999451, 0.9281833171844482, 0.928974986076355, 0.9286208152770996, 0.9293333292007446, 0.9286958575248718, 0.9292791485786438, 0.9295166730880737, 0.929770827293396, 0.9289625287055969, 0.9289416670799255, 0.929645836353302, 0.9292374849319458, 0.9288166761398315, 0.9296916723251343, 0.9298250079154968, 0.9297666549682617, 0.9296791553497314, 0.9292583465576172, 0.9291916489601135, 0.9302250146865845, 0.9297166466712952, 0.9302708506584167, 0.9304041862487793, 0.928725004196167, 0.9294000267982483, 0.9300083518028259, 0.9297124743461609, 0.9293875098228455, 0.9298791885375977, 0.9302291870117188]}