{"loss": [0.22311218082904816, 0.19932229816913605, 0.1950538605451584, 0.19265057146549225, 0.19066035747528076, 0.1895042359828949, 0.1883888989686966, 0.1875080168247223, 0.18674589693546295, 0.1859142929315567, 0.1851610392332077, 0.18474076688289642, 0.18426519632339478, 0.18361561000347137, 0.18327346444129944, 0.1828382909297943, 0.18232308328151703, 0.18195562064647675, 0.18170452117919922, 0.18123121559619904, 0.18106146156787872, 0.18081839382648468, 0.18049176037311554, 0.18014197051525116, 0.17985771596431732, 0.17962634563446045, 0.1795298308134079, 0.1791703999042511, 0.17905442416667938, 0.1789058893918991, 0.17869701981544495, 0.1783238649368286, 0.17821723222732544, 0.17815826833248138, 0.17807762324810028, 0.17786942422389984, 0.17764511704444885, 0.1775088906288147, 0.17740805447101593, 0.1772596538066864, 0.17713700234889984, 0.17732346057891846, 0.177016019821167, 0.17706920206546783, 0.17686063051223755, 0.17693085968494415, 0.17693348228931427, 0.17694492638111115, 0.17682620882987976, 0.1769055277109146, 0.17676661908626556, 0.17692647874355316], "accuracy": [0.9089416861534119, 0.9185302257537842, 0.9205916523933411, 0.9216499924659729, 0.9225114583969116, 0.9232239723205566, 0.9235125184059143, 0.923855185508728, 0.9240999817848206, 0.9244114756584167, 0.9247687458992004, 0.9249979257583618, 0.9250177145004272, 0.9254843592643738, 0.9256343841552734, 0.925628125667572, 0.9260583519935608, 0.9260427355766296, 0.9263427257537842, 0.9264228940010071, 0.9265198111534119, 0.9266853928565979, 0.9267083406448364, 0.926855206489563, 0.9269812703132629, 0.9268249869346619, 0.9268885254859924, 0.9270739555358887, 0.9273041486740112, 0.9271697998046875, 0.9273968935012817, 0.9274469017982483, 0.9274989366531372, 0.927594780921936, 0.9274333119392395, 0.9276385307312012, 0.9277645945549011, 0.9277562499046326, 0.927776038646698, 0.9278625249862671, 0.9280718564987183, 0.92794269323349, 0.9280156493186951, 0.9278125166893005, 0.9280531406402588, 0.9280666708946228, 0.9280281066894531, 0.9280052185058594, 0.9283458590507507, 0.9282166957855225, 0.9280655980110168, 0.9280083179473877], "val_loss": [0.20533041656017303, 0.19442284107208252, 0.19220086932182312, 0.18998463451862335, 0.1937449425458908, 0.1912294328212738, 0.1874990612268448, 0.18673354387283325, 0.19054819643497467, 0.18849779665470123, 0.18716096878051758, 0.19017693400382996, 0.18390926718711853, 0.18509531021118164, 0.18467749655246735, 0.1841602325439453, 0.18285231292247772, 0.18321001529693604, 0.18236187100410461, 0.18542265892028809, 0.18288792669773102, 0.1831282526254654, 0.18391749262809753, 0.18129652738571167, 0.1825365126132965, 0.18192234635353088, 0.1857435256242752, 0.18294617533683777, 0.1820203959941864, 0.1829780489206314, 0.181058868765831, 0.1812301129102707, 0.18141327798366547, 0.18395866453647614, 0.18094855546951294, 0.18150673806667328, 0.18131937086582184, 0.18517892062664032, 0.18116910755634308, 0.1819659024477005, 0.18279729783535004, 0.17958752810955048, 0.18324469029903412, 0.18155257403850555, 0.18407490849494934, 0.18043506145477295, 0.18036314845085144, 0.18093067407608032, 0.1832837611436844, 0.18065154552459717, 0.18195995688438416, 0.18219402432441711], "val_accuracy": [0.9140708446502686, 0.921120822429657, 0.9220708608627319, 0.9228916764259338, 0.9222416877746582, 0.9219041466712952, 0.924091637134552, 0.9239458441734314, 0.9217666387557983, 0.9239333271980286, 0.923841655254364, 0.9223291873931885, 0.9255791902542114, 0.9247416853904724, 0.9251291751861572, 0.9251458048820496, 0.9258750081062317, 0.9256374835968018, 0.9263166785240173, 0.925000011920929, 0.9257916808128357, 0.9256250262260437, 0.9251541495323181, 0.9265499711036682, 0.9260500073432922, 0.9264624714851379, 0.9240875244140625, 0.9261166453361511, 0.9265249967575073, 0.9258833527565002, 0.9262291789054871, 0.926437497138977, 0.9263208508491516, 0.9253041744232178, 0.9269750118255615, 0.926437497138977, 0.9266958236694336, 0.924929141998291, 0.9260666370391846, 0.9258541464805603, 0.925724983215332, 0.9272000193595886, 0.9259083271026611, 0.926395833492279, 0.9257708191871643, 0.9266833066940308, 0.9266291856765747, 0.9268041849136353, 0.9261583089828491, 0.9265750050544739, 0.9265999794006348, 0.9262916445732117]}