{"loss": [0.2382238209247589, 0.20599140226840973, 0.1980418711900711, 0.19348865747451782, 0.19023652374744415, 0.18821054697036743, 0.1865805685520172, 0.1849256306886673, 0.18382401764392853, 0.1828746348619461, 0.18174360692501068, 0.18107487261295319, 0.1802310049533844, 0.17958694696426392, 0.1790250837802887, 0.17835739254951477, 0.17773978412151337, 0.17705535888671875, 0.17669089138507843, 0.17608390748500824, 0.1758205145597458, 0.17511406540870667, 0.17483483254909515, 0.17452307045459747, 0.17402657866477966, 0.1738905906677246, 0.17337071895599365, 0.17296916246414185, 0.1724654883146286, 0.17223016917705536, 0.17188765108585358, 0.17144404351711273, 0.17135968804359436, 0.1710117608308792, 0.17077428102493286, 0.1705883890390396, 0.17030483484268188, 0.16996349394321442, 0.16987068951129913, 0.16950899362564087, 0.16928963363170624, 0.16887381672859192, 0.16868282854557037, 0.16867360472679138, 0.16837450861930847, 0.16825933754444122, 0.167854443192482, 0.16758416593074799, 0.1674482673406601, 0.1671082228422165, 0.1669231355190277, 0.16683153808116913, 0.1665770560503006, 0.16652703285217285, 0.16641677916049957, 0.16606003046035767, 0.1656687706708908, 0.1655529886484146, 0.16534824669361115, 0.1653318852186203, 0.16486617922782898, 0.1647968888282776, 0.16457714140415192], "accuracy": [0.9031729102134705, 0.9163448214530945, 0.919879138469696, 0.9219687581062317, 0.923032283782959, 0.923967719078064, 0.924693763256073, 0.9254978895187378, 0.9259812235832214, 0.9260823130607605, 0.9268031120300293, 0.9271968603134155, 0.9272906184196472, 0.9276864528656006, 0.9279249906539917, 0.9279927015304565, 0.9285781383514404, 0.9287010431289673, 0.9287562370300293, 0.9289968609809875, 0.9290354251861572, 0.9294947981834412, 0.9293895959854126, 0.9294947981834412, 0.9299989342689514, 0.9298375248908997, 0.930048942565918, 0.9303385615348816, 0.9305354356765747, 0.9305750131607056, 0.9306676983833313, 0.9311791658401489, 0.9308989644050598, 0.9308822751045227, 0.9311885237693787, 0.9313499927520752, 0.9314635396003723, 0.9316645860671997, 0.9314385652542114, 0.9315896034240723, 0.9316427111625671, 0.9320604205131531, 0.9319583177566528, 0.9320406317710876, 0.9322104454040527, 0.9319760203361511, 0.9322479367256165, 0.9324239492416382, 0.932366669178009, 0.9325781464576721, 0.9326000213623047, 0.9327322840690613, 0.9326801896095276, 0.9326791763305664, 0.9327197670936584, 0.9330281019210815, 0.933120846748352, 0.9332979321479797, 0.9333041906356812, 0.9332520961761475, 0.9336093664169312, 0.9335635304450989, 0.9336666464805603], "val_loss": [0.21054404973983765, 0.20073649287223816, 0.1907835602760315, 0.1900310069322586, 0.18682312965393066, 0.18982639908790588, 0.18711921572685242, 0.18829835951328278, 0.18063314259052277, 0.18004442751407623, 0.17961318790912628, 0.18276001513004303, 0.17849498987197876, 0.18088820576667786, 0.18047097325325012, 0.17870448529720306, 0.1792573779821396, 0.17993147671222687, 0.17725320160388947, 0.17727820575237274, 0.18102021515369415, 0.179500550031662, 0.17851172387599945, 0.17687205970287323, 0.1777578443288803, 0.17997972667217255, 0.1750461608171463, 0.17470233142375946, 0.17713014781475067, 0.17482076585292816, 0.18038594722747803, 0.1749379187822342, 0.17488983273506165, 0.17635710537433624, 0.17762483656406403, 0.17501552402973175, 0.17659880220890045, 0.17400886118412018, 0.17565420269966125, 0.17518286406993866, 0.17680805921554565, 0.17448043823242188, 0.1754171997308731, 0.17446480691432953, 0.17449785768985748, 0.1738128960132599, 0.17517361044883728, 0.17521752417087555, 0.17458361387252808, 0.17440375685691833, 0.17592401802539825, 0.17405582964420319, 0.17329880595207214, 0.17516733705997467, 0.17399221658706665, 0.1753440797328949, 0.17410343885421753, 0.1759682595729828, 0.17416009306907654, 0.17804747819900513, 0.17464205622673035, 0.17762553691864014, 0.1752692013978958], "val_accuracy": [0.9141541719436646, 0.9184125065803528, 0.9223958253860474, 0.9225583076477051, 0.9243000149726868, 0.9228500127792358, 0.9250541925430298, 0.9255541563034058, 0.926966667175293, 0.9272375106811523, 0.927008330821991, 0.9266666769981384, 0.9283624887466431, 0.9272666573524475, 0.9267125129699707, 0.9277874827384949, 0.927133321762085, 0.9271541833877563, 0.9284416437149048, 0.9284874796867371, 0.9270666837692261, 0.9273916482925415, 0.9277374744415283, 0.9286666512489319, 0.9283750057220459, 0.9271875023841858, 0.9290458559989929, 0.9293583035469055, 0.9291124939918518, 0.9294708371162415, 0.9274083375930786, 0.9292916655540466, 0.9296249747276306, 0.9294499754905701, 0.9277250170707703, 0.9298874735832214, 0.9283249974250793, 0.9294250011444092, 0.929016649723053, 0.9292291402816772, 0.9284250140190125, 0.9294208288192749, 0.9294124841690063, 0.9299166798591614, 0.9297541379928589, 0.9297666549682617, 0.9291166663169861, 0.9293249845504761, 0.9296166896820068, 0.9297041893005371, 0.929604172706604, 0.9299250245094299, 0.9299499988555908, 0.9293458461761475, 0.9297375082969666, 0.9295374751091003, 0.9298499822616577, 0.9287499785423279, 0.9299250245094299, 0.9279999732971191, 0.9300708174705505, 0.9297666549682617, 0.9292874932289124]}