{"loss": [0.2272823005914688, 0.20097264647483826, 0.1966952383518219, 0.1945137232542038, 0.19282260537147522, 0.19157898426055908, 0.19086585938930511, 0.19016310572624207, 0.18944281339645386, 0.18901266157627106, 0.18858836591243744, 0.18810626864433289, 0.18769320845603943, 0.18746361136436462, 0.18705575168132782, 0.1865304857492447, 0.1862536072731018, 0.1862148940563202, 0.18594646453857422, 0.18560989201068878, 0.1854480803012848, 0.18500916659832, 0.18513794243335724, 0.1847226619720459, 0.1845293641090393, 0.18439972400665283, 0.18424177169799805, 0.18396733701229095, 0.18386028707027435, 0.1835412085056305, 0.18344807624816895, 0.18353430926799774, 0.18316198885440826, 0.18295852839946747, 0.1828196495771408, 0.18255534768104553, 0.1824120283126831, 0.18229694664478302, 0.1822466403245926, 0.18211862444877625, 0.1819726824760437, 0.18173542618751526, 0.18158240616321564, 0.18153968453407288, 0.1814846694469452, 0.18132631480693817, 0.18121697008609772, 0.18109355866909027, 0.18082518875598907, 0.18086695671081543, 0.18069326877593994, 0.18060606718063354, 0.18031920492649078, 0.18041568994522095, 0.1802576333284378, 0.180140882730484, 0.17998942732810974], "accuracy": [0.9070270657539368, 0.9180135130882263, 0.9198625087738037, 0.9206958413124084, 0.9214197993278503, 0.9219260215759277, 0.9223833084106445, 0.9223625063896179, 0.9229666590690613, 0.9231510162353516, 0.9231145977973938, 0.9233989715576172, 0.9234489798545837, 0.9238260388374329, 0.9239614605903625, 0.9241853952407837, 0.9242802262306213, 0.9242479205131531, 0.9244447946548462, 0.924526035785675, 0.9245322942733765, 0.924721896648407, 0.9248656034469604, 0.924915611743927, 0.9250051975250244, 0.9252302050590515, 0.9253770709037781, 0.92525315284729, 0.9251895546913147, 0.9254552125930786, 0.9253823161125183, 0.9252176880836487, 0.9254583120346069, 0.9256343841552734, 0.9256916642189026, 0.9257791638374329, 0.9258135557174683, 0.9261312484741211, 0.9261114597320557, 0.9260281324386597, 0.9259187579154968, 0.9261541962623596, 0.9261916875839233, 0.9261000156402588, 0.9262781143188477, 0.926340639591217, 0.9265656471252441, 0.9266354441642761, 0.9264437556266785, 0.9266771078109741, 0.926659345626831, 0.9265833497047424, 0.9266812205314636, 0.9267333149909973, 0.926535427570343, 0.9267770648002625, 0.9269010424613953], "val_loss": [0.2061200886964798, 0.19527862966060638, 0.19099530577659607, 0.20261278748512268, 0.19175206124782562, 0.1917884796857834, 0.19171454012393951, 0.18998514115810394, 0.18980838358402252, 0.18827763199806213, 0.1863735318183899, 0.1873472034931183, 0.18728786706924438, 0.18857963383197784, 0.19435615837574005, 0.1864832639694214, 0.18815305829048157, 0.19451162219047546, 0.18503524363040924, 0.18662363290786743, 0.19115321338176727, 0.18787841498851776, 0.18562251329421997, 0.18540219962596893, 0.18446668982505798, 0.18803660571575165, 0.1873054951429367, 0.18664579093456268, 0.18482035398483276, 0.18427124619483948, 0.18761345744132996, 0.18530963361263275, 0.18333299458026886, 0.1845802217721939, 0.18386569619178772, 0.18338543176651, 0.1834452748298645, 0.18541944026947021, 0.18669253587722778, 0.1854318380355835, 0.18261520564556122, 0.18268361687660217, 0.18475516140460968, 0.18269407749176025, 0.18237240612506866, 0.18347972631454468, 0.18199701607227325, 0.18262404203414917, 0.1838279515504837, 0.18234185874462128, 0.18331491947174072, 0.18472692370414734, 0.1851111799478531, 0.18331487476825714, 0.18251802027225494, 0.18255876004695892, 0.18456554412841797], "val_accuracy": [0.9153375029563904, 0.9201708436012268, 0.9222999811172485, 0.9164791703224182, 0.9218833446502686, 0.9216874837875366, 0.9230499863624573, 0.9229124784469604, 0.9228708148002625, 0.9233291745185852, 0.9242583513259888, 0.9239291548728943, 0.9234833121299744, 0.9230625033378601, 0.9203624725341797, 0.9238333106040955, 0.9236291646957397, 0.9200791716575623, 0.9249874949455261, 0.9241458177566528, 0.9225375056266785, 0.9235166907310486, 0.9242083430290222, 0.924470841884613, 0.925516664981842, 0.9231749773025513, 0.9233999848365784, 0.9244458079338074, 0.9250083565711975, 0.9252958297729492, 0.9241916537284851, 0.9244541525840759, 0.9258041381835938, 0.9248375296592712, 0.9251416921615601, 0.9251583218574524, 0.9250624775886536, 0.9247124791145325, 0.9236999750137329, 0.924833357334137, 0.9259666800498962, 0.9257458448410034, 0.9249250292778015, 0.9259666800498962, 0.9261041879653931, 0.9256541728973389, 0.9257708191871643, 0.9256625175476074, 0.924887478351593, 0.9255708456039429, 0.9253625273704529, 0.9252791404724121, 0.9247666597366333, 0.9254291653633118, 0.9257083535194397, 0.9257875084877014, 0.924554169178009]}