{"loss": [0.23863638937473297, 0.20544695854187012, 0.19796697795391083, 0.19392958283424377, 0.1909736841917038, 0.18942515552043915, 0.18779180943965912, 0.18654559552669525, 0.1854245960712433, 0.18447309732437134, 0.18384788930416107, 0.18287432193756104, 0.18226803839206696, 0.18163879215717316, 0.18102332949638367, 0.18064911663532257, 0.18008726835250854, 0.1797187775373459, 0.17923873662948608, 0.17877531051635742, 0.17861299216747284, 0.17807814478874207, 0.177951380610466, 0.1775285303592682, 0.17727836966514587, 0.17702382802963257, 0.17677681148052216, 0.17645062506198883, 0.17614664137363434, 0.17607462406158447, 0.1757422685623169], "accuracy": [0.9029155969619751, 0.9162593483924866, 0.91969895362854, 0.9214739799499512, 0.9229791760444641, 0.9233729243278503, 0.9240697622299194, 0.9247750043869019, 0.9254156351089478, 0.9256520867347717, 0.9258864521980286, 0.9262843728065491, 0.9265677332878113, 0.9267833232879639, 0.9268333315849304, 0.9271302223205566, 0.927497923374176, 0.9276614785194397, 0.9277989864349365, 0.9279812574386597, 0.9280145764350891, 0.9283333420753479, 0.9284927248954773, 0.9284385442733765, 0.9286166429519653, 0.9288208484649658, 0.9288676977157593, 0.9290281534194946, 0.9290562272071838, 0.9290896058082581, 0.9292864799499512], "val_loss": [0.21357646584510803, 0.19901293516159058, 0.19312189519405365, 0.19135913252830505, 0.18677495419979095, 0.18675793707370758, 0.18597471714019775, 0.1910996437072754, 0.1827964186668396, 0.1817864328622818, 0.18145093321800232, 0.18316704034805298, 0.1814260631799698, 0.18263056874275208, 0.1796088069677353, 0.18071331083774567, 0.178733229637146, 0.1785876452922821, 0.1806621551513672, 0.1791382133960724, 0.17672321200370789, 0.1778377890586853, 0.1788005828857422, 0.180288165807724, 0.17707298696041107, 0.17804981768131256, 0.17842499911785126, 0.17715267837047577, 0.17837245762348175, 0.17705215513706207, 0.17822584509849548], "val_accuracy": [0.9121458530426025, 0.9186041951179504, 0.9216083288192749, 0.9225249886512756, 0.923799991607666, 0.9238916635513306, 0.9248416423797607, 0.9218958616256714, 0.9261958599090576, 0.9264166951179504, 0.9265666604042053, 0.9257749915122986, 0.9269291758537292, 0.9260291457176208, 0.926966667175293, 0.9267041683197021, 0.9275833368301392, 0.927470862865448, 0.9267916679382324, 0.9275875091552734, 0.9283416867256165, 0.9278333187103271, 0.9277874827384949, 0.9277083277702332, 0.9286249876022339, 0.9275458455085754, 0.927691638469696, 0.9281874895095825, 0.9278583526611328, 0.9278125166893005, 0.9275416731834412]}