{"loss": [0.233519047498703, 0.20229947566986084, 0.19502533972263336, 0.190947487950325, 0.18816478550434113, 0.18589136004447937, 0.18432074785232544, 0.1829070746898651, 0.18180879950523376, 0.18061673641204834, 0.17999973893165588, 0.17914342880249023, 0.17846624553203583, 0.17787186801433563, 0.17721806466579437, 0.17670494318008423, 0.1761159896850586, 0.175544872879982, 0.17536000907421112, 0.17478235065937042, 0.17432303726673126, 0.1738523691892624, 0.17340293526649475, 0.17308799922466278, 0.17267882823944092, 0.17244866490364075, 0.17205217480659485, 0.17178450524806976, 0.1714603304862976, 0.1711893379688263, 0.17090484499931335, 0.17053073644638062, 0.1705271154642105, 0.17016465961933136, 0.16980993747711182, 0.1693778783082962, 0.16925761103630066, 0.16909265518188477, 0.16882924735546112, 0.16867469251155853, 0.1682291328907013, 0.16814571619033813, 0.1678560972213745, 0.1677488088607788, 0.16744831204414368], "accuracy": [0.9052000045776367, 0.9177646040916443, 0.9211468696594238, 0.922795832157135, 0.9241374731063843, 0.9250489473342896, 0.9257041811943054, 0.9262833595275879, 0.9266656041145325, 0.9272770881652832, 0.9273562431335449, 0.9277979135513306, 0.9281739592552185, 0.9282197952270508, 0.9285479187965393, 0.9290021061897278, 0.9290000200271606, 0.9294406175613403, 0.9293822646141052, 0.929743766784668, 0.9296072721481323, 0.9300572872161865, 0.9301208257675171, 0.9305301904678345, 0.9304749965667725, 0.9305156469345093, 0.9308750033378601, 0.9307958483695984, 0.9312593936920166, 0.9312437772750854, 0.9312697649002075, 0.9314802289009094, 0.9314968585968018, 0.9315739870071411, 0.9315770864486694, 0.9317614436149597, 0.9319343566894531, 0.9319687485694885, 0.9320552349090576, 0.9322031140327454, 0.9323229193687439, 0.9322739839553833, 0.9326437711715698, 0.9323874711990356, 0.9325926899909973], "val_loss": [0.2112066149711609, 0.19233351945877075, 0.1941927671432495, 0.18881070613861084, 0.1864081472158432, 0.18151775002479553, 0.18161311745643616, 0.18172615766525269, 0.18192902207374573, 0.1830359548330307, 0.17953526973724365, 0.17797011137008667, 0.1786905974149704, 0.17813070118427277, 0.17657023668289185, 0.1800750494003296, 0.1794043481349945, 0.17663660645484924, 0.17718838155269623, 0.17559431493282318, 0.17846103012561798, 0.17611107230186462, 0.17635256052017212, 0.17622970044612885, 0.17495134472846985, 0.17610102891921997, 0.17908808588981628, 0.17653924226760864, 0.17507897317409515, 0.17921751737594604, 0.17530617117881775, 0.17479899525642395, 0.17480520904064178, 0.17539082467556, 0.1733444631099701, 0.1736096292734146, 0.17774105072021484, 0.17637106776237488, 0.1749512255191803, 0.17590494453907013, 0.17752714455127716, 0.1756368726491928, 0.17371141910552979, 0.17830190062522888, 0.17456653714179993], "val_accuracy": [0.9137041568756104, 0.9213874936103821, 0.9219791889190674, 0.9230583310127258, 0.9250458478927612, 0.9265375137329102, 0.9265375137329102, 0.9254041910171509, 0.9268249869346619, 0.9258000254631042, 0.9275916814804077, 0.9280916452407837, 0.927566647529602, 0.9271166920661926, 0.9282500147819519, 0.9271916747093201, 0.9283624887466431, 0.9282708168029785, 0.9289125204086304, 0.9286916851997375, 0.9277916550636292, 0.9284458160400391, 0.9286875128746033, 0.9286500215530396, 0.9292333126068115, 0.9288874864578247, 0.927091658115387, 0.9285208582878113, 0.9290875196456909, 0.9278916716575623, 0.9290291666984558, 0.9290875196456909, 0.9296583533287048, 0.9294666647911072, 0.9296791553497314, 0.9300666451454163, 0.9280333518981934, 0.9290666580200195, 0.9289833307266235, 0.9283375144004822, 0.9280375242233276, 0.9285791516304016, 0.9301999807357788, 0.9286249876022339, 0.9295833110809326]}