{"loss": [0.29435107111930847, 0.2251310497522354, 0.2094883769750595, 0.20430220663547516, 0.20168471336364746, 0.19995807111263275, 0.19383765757083893, 0.18933354318141937, 0.1847590208053589, 0.18032635748386383, 0.17638450860977173, 0.17897248268127441, 0.1821909248828888, 0.18524694442749023, 0.1879180520772934, 0.19033746421337128, 0.18717053532600403, 0.18364104628562927, 0.17963707447052002, 0.17556129395961761, 0.17185348272323608], "accuracy": [0.8750479221343994, 0.9075801968574524, 0.9139978885650635, 0.916366696357727, 0.9173156023025513, 0.9184646010398865, 0.9212250113487244, 0.9232031106948853, 0.9251552224159241, 0.9269093871116638, 0.9288010597229004, 0.927706241607666, 0.9261572957038879, 0.9249812364578247, 0.9235947728157043, 0.9228583574295044, 0.9242229461669922, 0.9259729385375977, 0.9273552298545837, 0.929253101348877, 0.9306729435920715], "val_loss": [0.3266591727733612, 0.2056918889284134, 0.19912129640579224, 0.20058023929595947, 0.19705398380756378, 0.1998901665210724, 0.18765369057655334, 0.1937417984008789, 0.1884172260761261, 0.18625031411647797, 0.18245504796504974, 0.1831974983215332, 0.18776383996009827, 0.18579430878162384, 0.19126200675964355, 0.19051475822925568, 0.18808941543102264, 0.18743161857128143, 0.18508651852607727, 0.18475954234600067, 0.1851779669523239], "val_accuracy": [0.8784541487693787, 0.9157541394233704, 0.9184708595275879, 0.9175208210945129, 0.9190166592597961, 0.918666660785675, 0.9235583543777466, 0.9226958155632019, 0.9248541593551636, 0.9246916770935059, 0.9265083074569702, 0.9262208342552185, 0.925754189491272, 0.923966646194458, 0.9238583445549011, 0.9225000143051147, 0.9230958223342896, 0.9253000020980835, 0.9254375100135803, 0.9267833232879639, 0.9263208508491516], "lr": [