{"loss": [0.2241165041923523, 0.1991976499557495, 0.19475135207176208, 0.192279651761055, 0.1908867508172989, 0.18948994576931, 0.1883726269006729, 0.18767879903316498, 0.18691767752170563, 0.18625375628471375, 0.1856868416070938, 0.18520487844944, 0.18464115262031555, 0.18423016369342804, 0.18369384109973907, 0.18320588767528534, 0.18295852839946747, 0.18249428272247314, 0.182216078042984, 0.18192194402217865, 0.1814664602279663, 0.18115782737731934, 0.1809292435646057, 0.1806613802909851, 0.18027400970458984, 0.18005216121673584, 0.1797613650560379, 0.17946936190128326, 0.17934541404247284, 0.1790381669998169, 0.17887161672115326, 0.1785421222448349, 0.17835940420627594, 0.17816270887851715, 0.17800119519233704, 0.17779898643493652, 0.17750419676303864, 0.17750316858291626, 0.17718130350112915, 0.177123561501503, 0.1770201325416565, 0.17667192220687866, 0.1766343116760254, 0.1764933317899704, 0.17616304755210876, 0.17611822485923767, 0.1759754866361618, 0.17594417929649353], "accuracy": [0.9085999727249146, 0.919098973274231, 0.9206510186195374, 0.9218677282333374, 0.9223573207855225, 0.9230625033378601, 0.9233437776565552, 0.9238239526748657, 0.9241520762443542, 0.924203097820282, 0.9245176911354065, 0.9246177077293396, 0.9249843955039978, 0.9252551794052124, 0.9255281090736389, 0.9254864454269409, 0.925642728805542, 0.925794780254364, 0.9258385300636292, 0.9262343645095825, 0.9260114431381226, 0.9264323115348816, 0.9266666769981384, 0.9267812371253967, 0.9266489744186401, 0.9267416596412659, 0.9270052313804626, 0.9271656274795532, 0.9271000027656555, 0.927230179309845, 0.9272927045822144, 0.9273853898048401, 0.9276145696640015, 0.9275458455085754, 0.9278125166893005, 0.9279760122299194, 0.9279864430427551, 0.9279510378837585, 0.9280197620391846, 0.9280187487602234, 0.9280156493186951, 0.9279103875160217, 0.9280468821525574, 0.9282343983650208, 0.9283801913261414, 0.9283843636512756, 0.9285145998001099, 0.9283385276794434], "val_loss": [0.200811967253685, 0.19769887626171112, 0.1908952295780182, 0.1985091269016266, 0.18982848525047302, 0.19684143364429474, 0.18676228821277618, 0.18934883177280426, 0.19372683763504028, 0.18693728744983673, 0.1924189180135727, 0.18526847660541534, 0.1854156255722046, 0.18367429077625275, 0.18380720913410187, 0.18570347130298615, 0.18531368672847748, 0.18530690670013428, 0.18493275344371796, 0.18544572591781616, 0.18489013612270355, 0.1862427294254303, 0.18351595103740692, 0.18392692506313324, 0.18283940851688385, 0.1851034164428711, 0.1833169311285019, 0.18193863332271576, 0.18218669295310974, 0.18201769888401031, 0.18125367164611816, 0.18136927485466003, 0.18213702738285065, 0.18354593217372894, 0.18203535676002502, 0.18155376613140106, 0.1818379908800125, 0.18092139065265656, 0.18519555032253265, 0.1839202344417572, 0.183097243309021, 0.1838160753250122, 0.18117478489875793, 0.18299834430217743, 0.1810811311006546, 0.18223129212856293, 0.18234656751155853, 0.18260015547275543], "val_accuracy": [0.9189375042915344, 0.9192166924476624, 0.9225500226020813, 0.9168333411216736, 0.9224749803543091, 0.9220958352088928, 0.9241499900817871, 0.9230083227157593, 0.9206333160400391, 0.9232958555221558, 0.920787513256073, 0.9248208403587341, 0.9244250059127808, 0.9251124858856201, 0.9252416491508484, 0.9238874912261963, 0.9247458577156067, 0.9244333505630493, 0.924679160118103, 0.9246666431427002, 0.9249791502952576, 0.9248708486557007, 0.9254375100135803, 0.9252541661262512, 0.925724983215332, 0.9243124723434448, 0.9249250292778015, 0.9257791638374329, 0.9254000186920166, 0.9257583618164062, 0.9260541796684265, 0.925962507724762, 0.925712525844574, 0.9255874752998352, 0.92579585313797, 0.9257041811943054, 0.9260208606719971, 0.926254153251648, 0.9247416853904724, 0.9250916838645935, 0.9248791933059692, 0.9255874752998352, 0.9259333610534668, 0.9253416657447815, 0.9263583421707153, 0.9253625273704529, 0.924845814704895, 0.9261583089828491]}