{"loss": [0.30355414748191833, 0.2880077362060547, 0.2848421633243561, 0.28299859166145325, 0.2816936671733856, 0.28064295649528503, 0.27996084094047546, 0.2793138325214386, 0.2785912752151489, 0.27825048565864563, 0.2777835726737976, 0.2774896025657654, 0.2770947217941284, 0.2766135334968567, 0.2764085531234741, 0.2762291729450226, 0.27594202756881714, 0.2758747935295105, 0.2754680812358856, 0.27511730790138245, 0.2751191258430481, 0.2749595046043396, 0.2746497094631195, 0.27443376183509827, 0.27440622448921204, 0.27422472834587097, 0.27409058809280396, 0.27381888031959534, 0.2740017771720886, 0.27372419834136963, 0.27349793910980225, 0.27356651425361633, 0.27333247661590576, 0.2734094262123108], "accuracy": [0.8697031140327454, 0.8758979439735413, 0.8769489526748657, 0.8776895999908447, 0.8782583475112915, 0.8786854147911072, 0.8791052103042603, 0.8793708086013794, 0.8794354200363159, 0.8799999952316284, 0.8800416588783264, 0.8800947666168213, 0.8802489638328552, 0.8806687593460083, 0.8804551959037781, 0.8807239532470703, 0.8807916641235352, 0.8805833458900452, 0.8810041546821594, 0.8812375068664551, 0.8811583518981934, 0.8814302086830139, 0.8813198208808899, 0.8813697695732117, 0.8812323212623596, 0.8815926909446716, 0.881473958492279, 0.8818625211715698, 0.8815823197364807, 0.8816739320755005, 0.881850004196167, 0.8818510174751282, 0.8820124864578247, 0.8818427324295044], "val_loss": [0.28508320450782776, 0.2822209298610687, 0.28068774938583374, 0.2805573642253876, 0.2794913947582245, 0.28159376978874207, 0.27753356099128723, 0.27820590138435364, 0.2778821885585785, 0.28279322385787964, 0.2777402102947235, 0.2783260941505432, 0.2780812382698059, 0.27762147784233093, 0.27638283371925354, 0.2770816683769226, 0.2779178321361542, 0.2765362560749054, 0.28227055072784424, 0.2767218351364136, 0.2764921486377716, 0.27677401900291443, 0.28050971031188965, 0.27587416768074036, 0.27762165665626526, 0.2764055132865906, 0.27651602029800415, 0.27758556604385376, 0.2767288386821747, 0.2783461809158325, 0.2761616110801697, 0.27646908164024353, 0.2773958742618561, 0.276524156332016], "val_accuracy": [0.8767499923706055, 0.8784833550453186, 0.8786458373069763, 0.87868332862854, 0.8793208599090576, 0.8795958161354065, 0.8801916837692261, 0.8792208433151245, 0.8804000020027161, 0.8776458501815796, 0.8799416422843933, 0.8797916769981384, 0.8802000284194946, 0.8803583383560181, 0.8802208304405212, 0.880383312702179, 0.8797541856765747, 0.8806874752044678, 0.880816638469696, 0.8800958395004272, 0.8803374767303467, 0.8808791637420654, 0.8781791925430298, 0.880816638469696, 0.8791875243186951, 0.8811958432197571, 0.8807958364486694, 0.8798375129699707, 0.8807041645050049, 0.8806625008583069, 0.8812000155448914, 0.8805166482925415, 0.8805375099182129, 0.8800958395004272]}