{"loss": [0.2461472749710083, 0.2405298501253128, 0.23901055753231049, 0.23436923325061798, 0.22684577107429504, 0.21765320003032684, 0.2107645571231842, 0.2070932239294052, 0.20554418861865997, 0.20451951026916504, 0.2035370171070099, 0.20310239493846893, 0.20268045365810394, 0.2021878957748413, 0.20178833603858948, 0.2015305459499359, 0.20127704739570618, 0.2009451687335968, 0.20048172771930695, 0.200402170419693, 0.20022554695606232, 0.2000180333852768, 0.1997956931591034, 0.19964246451854706, 0.19936905801296234, 0.19935989379882812, 0.1991836279630661, 0.1990591585636139, 0.1990295946598053, 0.19891837239265442, 0.1989014744758606, 0.19869273900985718, 0.19865845143795013, 0.19841521978378296, 0.19839824736118317, 0.19826945662498474, 0.1982627511024475, 0.19827333092689514, 0.19778457283973694], "accuracy": [0.9009093642234802, 0.9025676846504211, 0.9028750061988831, 0.9044208526611328, 0.9073354005813599, 0.9106104373931885, 0.9134947657585144, 0.915276050567627, 0.9157260656356812, 0.9160822629928589, 0.9164875149726868, 0.9165489673614502, 0.9168896079063416, 0.917172908782959, 0.9172031283378601, 0.9174260497093201, 0.9175291657447815, 0.9175135493278503, 0.9177208542823792, 0.917884349822998, 0.9179750084877014, 0.9179072976112366, 0.9181146025657654, 0.9182072877883911, 0.9184489846229553, 0.9182000160217285, 0.9183979034423828, 0.9185010194778442, 0.9185479283332825, 0.9186406135559082, 0.9185333251953125, 0.9185405969619751, 0.9187208414077759, 0.9187656044960022, 0.9189656376838684, 0.918958306312561, 0.9189947843551636, 0.9188385605812073, 0.9191593527793884], "val_loss": [0.24067918956279755, 0.24030880630016327, 0.2409559041261673, 0.22988387942314148, 0.22106382250785828, 0.21456392109394073, 0.20453231036663055, 0.20273566246032715, 0.20445449650287628, 0.19908155500888824, 0.20012179017066956, 0.19774189591407776, 0.20660865306854248, 0.20389463007450104, 0.20052362978458405, 0.19613569974899292, 0.19919191300868988, 0.1983197033405304, 0.20021940767765045, 0.19755585491657257, 0.19611996412277222, 0.19584216177463531, 0.1987537294626236, 0.1983785182237625, 0.19929242134094238, 0.19601349532604218, 0.19603870809078217, 0.19605344533920288, 0.19577085971832275, 0.19740599393844604, 0.19874301552772522, 0.1972740888595581, 0.1969291716814041, 0.20113885402679443, 0.19577720761299133, 0.19661250710487366, 0.19624675810337067, 0.19862033426761627, 0.19592991471290588], "val_accuracy": [0.9030958414077759, 0.9032958149909973, 0.9041249752044678, 0.9059916734695435, 0.909808337688446, 0.9115333557128906, 0.9159291386604309, 0.9165124893188477, 0.9165166616439819, 0.918862521648407, 0.9175041913986206, 0.9194416403770447, 0.9159125089645386, 0.9159749746322632, 0.9173874855041504, 0.919741690158844, 0.9179916381835938, 0.9180874824523926, 0.9183624982833862, 0.919154167175293, 0.9199208617210388, 0.9199333190917969, 0.9189666509628296, 0.9188416600227356, 0.9177625179290771, 0.9194791913032532, 0.9199416637420654, 0.9200041890144348, 0.9202458262443542, 0.9198166728019714, 0.9180458188056946, 0.9193166494369507, 0.9191916584968567, 0.9176999926567078, 0.92044997215271, 0.9198625087738037, 0.9201291799545288, 0.9192833304405212, 0.9199125170707703]}