{"loss": [0.2174835056066513, 0.19730670750141144, 0.19419461488723755, 0.19207078218460083, 0.19064928591251373, 0.18963037431240082, 0.18896165490150452, 0.187928706407547, 0.18735504150390625, 0.18675731122493744, 0.1862809807062149, 0.1858668029308319, 0.18545052409172058, 0.18495580554008484, 0.18454110622406006, 0.18427275121212006, 0.18374699354171753, 0.18353356420993805, 0.183110311627388, 0.18289458751678467, 0.18265783786773682, 0.18232586979866028, 0.18209756910800934, 0.18182259798049927, 0.18157057464122772, 0.18150098621845245, 0.18112091720104218, 0.18082794547080994, 0.18049651384353638, 0.1803620308637619, 0.1802472025156021], "accuracy": [0.9113937616348267, 0.9197260141372681, 0.9210833311080933, 0.9217854142189026, 0.9224364757537842, 0.922962486743927, 0.9230645895004272, 0.9236249923706055, 0.9238656163215637, 0.924008309841156, 0.9240604043006897, 0.9243635535240173, 0.9244750142097473, 0.9248448014259338, 0.9248718619346619, 0.9251427054405212, 0.9252104163169861, 0.9254927039146423, 0.9255187511444092, 0.9257302284240723, 0.9256406426429749, 0.9257718920707703, 0.925809383392334, 0.9259291887283325, 0.9260677099227905, 0.926215648651123, 0.9262478947639465, 0.9264906048774719, 0.9264000058174133, 0.9266166687011719, 0.9266864657402039], "val_loss": [0.2022605836391449, 0.19352523982524872, 0.1919223666191101, 0.18910150229930878, 0.1890978217124939, 0.18808189034461975, 0.18637266755104065, 0.18692882359027863, 0.18573975563049316, 0.18702641129493713, 0.1854177862405777, 0.18582305312156677, 0.18520283699035645, 0.18894532322883606, 0.18555113673210144, 0.18325160443782806, 0.1853177398443222, 0.18340347707271576, 0.18704578280448914, 0.18360412120819092, 0.18234524130821228, 0.18539230525493622, 0.1829756796360016, 0.1837548166513443, 0.18422408401966095, 0.182641863822937, 0.1862180083990097, 0.1829175502061844, 0.1852564513683319, 0.18703949451446533, 0.18238741159439087], "val_accuracy": [0.9174666404724121, 0.9208208322525024, 0.9223083257675171, 0.923087477684021, 0.9236583113670349, 0.9231125116348267, 0.9242833256721497, 0.9240999817848206, 0.924179196357727, 0.9244916439056396, 0.9243541955947876, 0.924595832824707, 0.9250083565711975, 0.9230750203132629, 0.9245833158493042, 0.9251999855041504, 0.9251958131790161, 0.9250749945640564, 0.9239416718482971, 0.9254166483879089, 0.9257500171661377, 0.9239208102226257, 0.9251916408538818, 0.9257708191871643, 0.9255124926567078, 0.9254541397094727, 0.9243541955947876, 0.9257416725158691, 0.9248791933059692, 0.9237708449363708, 0.925808310508728]}