{"loss": [0.25077781081199646, 0.2450990378856659, 0.242928609251976, 0.24052514135837555, 0.23832206428050995, 0.23621906340122223, 0.23054911196231842, 0.22407382726669312, 0.22181925177574158, 0.21978071331977844, 0.21623361110687256, 0.21355901658535004, 0.21215862035751343, 0.21140156686306, 0.21083489060401917, 0.21041573584079742, 0.20997940003871918, 0.20972272753715515, 0.20915518701076508, 0.20877628028392792, 0.20834435522556305, 0.20778828859329224, 0.20741461217403412, 0.20707933604717255, 0.2069183588027954, 0.2066422402858734, 0.2064785212278366, 0.20634567737579346, 0.20607884228229523, 0.20593053102493286, 0.20563575625419617, 0.2055748999118805, 0.20540839433670044, 0.20495641231536865, 0.20493754744529724, 0.20477813482284546, 0.2046193778514862, 0.20460054278373718, 0.2044067680835724, 0.2044343203306198, 0.20430442690849304, 0.20427781343460083, 0.20408813655376434, 0.20413148403167725, 0.20424264669418335, 0.20385879278182983, 0.20390386879444122, 0.2038392722606659, 0.20354551076889038, 0.20366179943084717, 0.20364464819431305, 0.20359200239181519, 0.20354394614696503, 0.2034768909215927, 0.20322565734386444, 0.20329715311527252, 0.203238382935524, 0.2033098340034485, 0.2031196802854538, 0.20309822261333466, 0.20305490493774414, 0.20312590897083282, 0.20309247076511383, 0.203035369515419, 0.20298689603805542, 0.20283259451389313, 0.20266135036945343, 0.2027004063129425, 0.20292992889881134, 0.20294146239757538, 0.20265927910804749], "accuracy": [0.898913562297821, 0.9008041620254517, 0.9013989567756653, 0.9021103978157043, 0.9028781056404114, 0.9036666750907898, 0.9055270552635193, 0.908021867275238, 0.9089645743370056, 0.9099926948547363, 0.9115760326385498, 0.9128999710083008, 0.9134218692779541, 0.9138146042823792, 0.9139552116394043, 0.9140739440917969, 0.9144885540008545, 0.9148093461990356, 0.9150958061218262, 0.9150978922843933, 0.9152739644050598, 0.9153958559036255, 0.9155062437057495, 0.9156354069709778, 0.9156916737556458, 0.9159166812896729, 0.9161062240600586, 0.9158729314804077, 0.916140615940094, 0.9162468910217285, 0.91623854637146, 0.9164104461669922, 0.9162166714668274, 0.9166364669799805, 0.9164854288101196, 0.9168322682380676, 0.9167854189872742, 0.9165562391281128, 0.9165416955947876, 0.9167218804359436, 0.9170020818710327, 0.9170510172843933, 0.9169041514396667, 0.9169843792915344, 0.9170968532562256, 0.9171666502952576, 0.9171333312988281, 0.9171791672706604, 0.9173437356948853, 0.917186439037323, 0.9171895980834961, 0.9172864556312561, 0.9171302318572998, 0.917326033115387, 0.917116641998291, 0.9173239469528198, 0.9173583388328552, 0.9172937273979187, 0.9171822667121887, 0.917482316493988, 0.9173562526702881, 0.9173802137374878, 0.9175103902816772, 0.9175593852996826, 0.9174708127975464, 0.9175426959991455, 0.9175510406494141, 0.9176573157310486, 0.9174625277519226, 0.9173666834831238, 0.9178072810173035], "val_loss": [0.24797585606575012, 0.24395492672920227, 0.23793016374111176, 0.23868271708488464, 0.23617185652256012, 0.23190470039844513, 0.22746112942695618, 0.2205687314271927, 0.21786589920520782, 0.21528109908103943, 0.21209362149238586, 0.2070886343717575, 0.2082275003194809, 0.207175612449646, 0.206195667386055, 0.20528586208820343, 0.20506367087364197, 0.20373502373695374, 0.2045833319425583, 0.20481252670288086, 0.20716741681098938, 0.2032724916934967, 0.2034512162208557, 0.2041146457195282, 0.20343826711177826, 0.20349270105361938, 0.20311829447746277, 0.20124386250972748, 0.20386715233325958, 0.20117706060409546, 0.2053205370903015, 0.20067091286182404, 0.20257768034934998, 0.20211993157863617, 0.20159927010536194, 0.20235908031463623, 0.20632344484329224, 0.19950105249881744, 0.20017164945602417, 0.20303703844547272, 0.200725257396698, 0.2018135040998459, 0.19956089556217194, 0.20075805485248566, 0.19959919154644012, 0.20447665452957153, 0.2023749202489853, 0.19900086522102356, 0.20089441537857056, 0.20100092887878418, 0.2007075697183609, 0.1982017606496811, 0.19928261637687683, 0.199097141623497, 0.20078082382678986, 0.20024360716342926, 0.19885849952697754, 0.20020394027233124, 0.19819162786006927, 0.20210133492946625, 0.19740067422389984, 0.19982051849365234, 0.20050473511219025, 0.20130036771297455, 0.20142515003681183, 0.20140226185321808, 0.19864600896835327, 0.20019899308681488, 0.2032036930322647, 0.19814184308052063, 0.19889651238918304], "val_accuracy": [0.8997291922569275, 0.9002749919891357, 0.9027583599090576, 0.9017624855041504, 0.9035249948501587, 0.9048625230789185, 0.9059416651725769, 0.9080666899681091, 0.9107458591461182, 0.9115166664123535, 0.9126916527748108, 0.9144833087921143, 0.9145749807357788, 0.9156458377838135, 0.9155458211898804, 0.9159500002861023, 0.9160083532333374, 0.9171000123023987, 0.9161333441734314, 0.9161166548728943, 0.9144791960716248, 0.9170500040054321, 0.9166208505630493, 0.916741669178009, 0.9169625043869019, 0.9174208045005798, 0.9174416661262512, 0.9181041717529297, 0.9164708256721497, 0.9180874824523926, 0.9169166684150696, 0.9179624915122986, 0.9174833297729492, 0.9177708625793457, 0.9174083471298218, 0.9173916578292847, 0.9166916608810425, 0.9185458421707153, 0.917941689491272, 0.9171000123023987, 0.9179291725158691, 0.9173208475112915, 0.918833315372467, 0.9184583425521851, 0.9186791777610779, 0.9164124727249146, 0.9175166487693787, 0.9192000031471252, 0.9178416728973389, 0.918079137802124, 0.9179333448410034, 0.9195125102996826, 0.9191083312034607, 0.9186291694641113, 0.9182041883468628, 0.9176666736602783, 0.9189208149909973, 0.9185374975204468, 0.919487476348877, 0.9179583191871643, 0.9198041558265686, 0.9180124998092651, 0.9181166887283325, 0.9178875088691711, 0.918820858001709, 0.917900025844574, 0.9193916916847229, 0.9182500243186951, 0.9174791574478149, 0.9192458391189575, 0.9185958504676819]}