{"loss": [0.22737832367420197, 0.1998758614063263, 0.19451357424259186, 0.1920807957649231, 0.19044046103954315, 0.1891559511423111, 0.18813244998455048, 0.18733163177967072, 0.18669888377189636, 0.18593952059745789, 0.1852366179227829, 0.18484768271446228, 0.18417643010616302, 0.1837237924337387, 0.1834452599287033, 0.18278492987155914, 0.18257638812065125, 0.18196047842502594, 0.1816953867673874, 0.18139779567718506, 0.18105602264404297, 0.18076924979686737, 0.18052123486995697, 0.18042784929275513, 0.18006689846515656, 0.17986127734184265, 0.1796661913394928, 0.1795641928911209, 0.1792825311422348, 0.1792609989643097, 0.1792410910129547, 0.17894820868968964, 0.17885789275169373, 0.1786411553621292, 0.17848758399486542, 0.17871715128421783, 0.17854668200016022, 0.17847084999084473, 0.17853665351867676, 0.17853686213493347, 0.17850597202777863, 0.17826806008815765, 0.17817559838294983], "accuracy": [0.9075114727020264, 0.9183218479156494, 0.9209343791007996, 0.9222333431243896, 0.922642707824707, 0.9231510162353516, 0.9236354231834412, 0.9238572716712952, 0.9242916703224182, 0.9243249893188477, 0.9248020648956299, 0.9247395992279053, 0.9249239563941956, 0.9256156086921692, 0.9256239533424377, 0.9256854057312012, 0.9260270595550537, 0.9262135624885559, 0.9261229038238525, 0.9263062477111816, 0.9263916611671448, 0.9264593720436096, 0.9265322685241699, 0.9267010688781738, 0.9266656041145325, 0.9271728992462158, 0.9271500110626221, 0.9272083044052124, 0.9271249771118164, 0.9271249771118164, 0.9270791411399841, 0.927299976348877, 0.9273145794868469, 0.9272208213806152, 0.9274781346321106, 0.9272947907447815, 0.9274187684059143, 0.9274031519889832, 0.9272603988647461, 0.9273853898048401, 0.9274614453315735, 0.9276573061943054, 0.9276573061943054], "val_loss": [0.20440368354320526, 0.201290100812912, 0.19018830358982086, 0.19263088703155518, 0.19328521192073822, 0.1895609349012375, 0.18720389902591705, 0.18693579733371735, 0.18479111790657043, 0.18925657868385315, 0.1850852221250534, 0.18890511989593506, 0.18449319899082184, 0.1841539591550827, 0.18881717324256897, 0.18583765625953674, 0.18640314042568207, 0.18502919375896454, 0.18470069766044617, 0.18545986711978912, 0.1821550875902176, 0.18566036224365234, 0.1835181713104248, 0.18681120872497559, 0.1821606457233429, 0.18210247159004211, 0.18528379499912262, 0.1849149465560913, 0.18362484872341156, 0.1855715662240982, 0.18351846933364868, 0.18626363575458527, 0.1813454031944275, 0.18203340470790863, 0.183700829744339, 0.1828526258468628, 0.18157893419265747, 0.18137358129024506, 0.18283693492412567, 0.18197207152843475, 0.1822681576013565, 0.18154115974903107, 0.18218983709812164], "val_accuracy": [0.91548752784729, 0.9203083515167236, 0.9225791692733765, 0.9214583039283752, 0.9226124882698059, 0.9231958389282227, 0.9235833287239075, 0.923591673374176, 0.9251208305358887, 0.9222000241279602, 0.9245416522026062, 0.9226999878883362, 0.9248999953269958, 0.9253749847412109, 0.922837495803833, 0.9252958297729492, 0.9239041805267334, 0.925125002861023, 0.9245208501815796, 0.9245708584785461, 0.9262750148773193, 0.9243708252906799, 0.9251166582107544, 0.9245250225067139, 0.9259416460990906, 0.925920844078064, 0.9241291880607605, 0.9246541857719421, 0.9256208539009094, 0.9232708215713501, 0.9256500005722046, 0.9245333075523376, 0.9265750050544739, 0.9261166453361511, 0.925125002861023, 0.9258958101272583, 0.9261666536331177, 0.9263583421707153, 0.925849974155426, 0.9261249899864197, 0.9261749982833862, 0.9264249801635742, 0.92579585313797]}